<?xml version="1.0"?>
<doc>
    <assembly>
        <name>Infragistics4.Win.UltraWinCalcManager.v12.2.FormulaBuilder</name>
    </assembly>
    <members>
        <member name="M:Infragistics.Shared.LocalizedCategoryAttribute.GetLocalizedString(System.String)">
            <summary>
            Returns the localized category name
            </summary>
            <param name="value">Name of the category to retreive</param>
            <returns>The localized string value</returns>
        </member>
        <member name="T:Infragistics.Win.UltraWinCalcManager.FormulaBuilder.OperandInitializingEventHandler">
            <summary>
            Delegate for handling the <see cref="E:Infragistics.Win.UltraWinCalcManager.FormulaBuilder.FormulaBuilderDialog.OperandInitializing"/> event.
            </summary>
        </member>
        <member name="T:Infragistics.Win.UltraWinCalcManager.FormulaBuilder.FunctionInitializingEventHandler">
            <summary>
            Delegate for handling the <see cref="E:Infragistics.Win.UltraWinCalcManager.FormulaBuilder.FormulaBuilderDialog.FunctionInitializing"/> event.
            </summary>
        </member>
        <member name="T:Infragistics.Win.UltraWinCalcManager.FormulaBuilder.OperandInitializingEventArgs">
            <summary>
            Event parameters used for the <see cref="E:Infragistics.Win.UltraWinCalcManager.FormulaBuilder.FormulaBuilderDialog.OperandInitializing"/> event.
            </summary>
            <seealso cref="T:Infragistics.Win.UltraWinCalcManager.FormulaBuilder.OperandInitializingEventHandler"/>
        </member>
        <member name="M:Infragistics.Win.UltraWinCalcManager.FormulaBuilder.OperandInitializingEventArgs.#ctor(System.String,System.Object,Infragistics.Win.CalcEngine.IFormulaProvider)">
            <summary>
            Constructor
            </summary>
            <param name="formulaProvider">An <see cref="T:Infragistics.Win.CalcEngine.IFormulaProvider"/> which provides formula information to the dialog.</param>
            <param name="operandContext">The context of the Reference.</param>
            <param name="operandName">The actual name of the reference which is being initialized.</param>
        </member>
        <member name="P:Infragistics.Win.UltraWinCalcManager.FormulaBuilder.OperandInitializingEventArgs.OperandName">
            <summary>
            Read-only property that returns the actual name of the reference which is being initialized.
            </summary>
        </member>
        <member name="P:Infragistics.Win.UltraWinCalcManager.FormulaBuilder.OperandInitializingEventArgs.OperandContext">
            <summary>
            Read-only property that returns the context of the Reference. For example, this could be an UltraGridColumn, a SummaryValue, a TextBox, etc. 
            </summary>
        </member>
        <member name="P:Infragistics.Win.UltraWinCalcManager.FormulaBuilder.OperandInitializingEventArgs.FormulaProvider">
            <summary>
            Read-only property that returns the IFormulaProvider. The IFormulaProvider is the object whose format property is being edited.
            </summary>
        </member>
        <member name="T:Infragistics.Win.UltraWinCalcManager.FormulaBuilder.FunctionInitializingEventArgs">
            <summary>
            Event parameters used for the <see cref="E:Infragistics.Win.UltraWinCalcManager.FormulaBuilder.FormulaBuilderDialog.FunctionInitializing"/> event.
            </summary>
            <seealso cref="T:Infragistics.Win.UltraWinCalcManager.FormulaBuilder.FunctionInitializingEventHandler"/>
        </member>
        <member name="M:Infragistics.Win.UltraWinCalcManager.FormulaBuilder.FunctionInitializingEventArgs.#ctor(Infragistics.Win.CalcEngine.UltraCalcFunction,Infragistics.Win.CalcEngine.IFormulaProvider)">
            <summary>
            Constructor
            </summary>        
            <param name="function">The function being initialized.</param>
            <param name="formulaProvider">An <see cref="T:Infragistics.Win.CalcEngine.IFormulaProvider"/> which provides formula information to the dialog.</param>
        </member>
        <member name="P:Infragistics.Win.UltraWinCalcManager.FormulaBuilder.FunctionInitializingEventArgs.Function">
            <summary>
            Read-only property that returns the actual name of the reference which is being initialized.
            </summary>
        </member>
        <member name="P:Infragistics.Win.UltraWinCalcManager.FormulaBuilder.FunctionInitializingEventArgs.FormulaProvider">
            <summary>
            Read-only property that returns the IFormulaProvider. The IFormulaProvider is the object whose format property is being edited.
            </summary>
        </member>
        <member name="T:Infragistics.Win.UltraWinCalcManager.FormulaBuilder.FormulaBuilderDialog">
            <summary>
            Summary description for FormulaBuilderDialog.
            </summary>
        </member>
        <member name="M:Infragistics.Win.UltraWinCalcManager.FormulaBuilder.FormulaBuilderDialog.#ctor(Infragistics.Win.CalcEngine.IFormulaProvider)">
            <summary>
            Constructor
            </summary>
            <param name="formulaProvider">An <see cref="T:Infragistics.Win.CalcEngine.IFormulaProvider"/> which provides formula information to the dialog.</param>
        </member>
        <member name="M:Infragistics.Win.UltraWinCalcManager.FormulaBuilder.FormulaBuilderDialog.#ctor(Infragistics.Win.CalcEngine.IFormulaProvider,System.Boolean)">
            <summary>
            Constructor
            </summary>
            <param name="formulaProvider">An <see cref="T:Infragistics.Win.CalcEngine.IFormulaProvider"/> which provides formula information to the dialog.</param>
            <param name="showHelpLinks">Determines whether the help links are displayed on the dialog. These links point to URL's that reference the Infragistics help files. Turn off the links if the help will not be available to the user.</param>
        </member>
        <member name="M:Infragistics.Win.UltraWinCalcManager.FormulaBuilder.FormulaBuilderDialog.#ctor(Infragistics.Win.CalcEngine.IFormulaProvider,System.Boolean,Infragistics.Win.CalcEngine.IUltraCalcReference)">
            <summary>
            Constructor
            </summary>
            <param name="formulaProvider">An <see cref="T:Infragistics.Win.CalcEngine.IFormulaProvider"/> which provides formula information to the dialog.</param>
            <param name="showHelpLinks">Determines whether the help links are displayed on the dialog. These links point to URL's that reference the Infragistics help files. Turn off the links if the help will not be available to the user.</param>
            <param name="compileReference">IUltraCalcReference used strictly for compiling the formula. When null, then IFormulaProvider.Reference is used.</param>
        </member>
        <member name="M:Infragistics.Win.UltraWinCalcManager.FormulaBuilder.FormulaBuilderDialog.Dispose(System.Boolean)">
            <summary>
            Disposes of the resources (other than memory) used by the System.Windows.Forms.Form.
            </summary>
            <param name="disposing">true to release both managed and unmanaged resources; false to release only unmanaged resources.</param>
        </member>
        <member name="M:Infragistics.Win.UltraWinCalcManager.FormulaBuilder.FormulaBuilderDialog.InitializeComponent">
            <summary>
            Required method for Designer support - do not modify
            the contents of this method with the code editor.
            </summary>
        </member>
        <member name="M:Infragistics.Win.UltraWinCalcManager.FormulaBuilder.FormulaBuilderDialog.OnOperandInitializing(Infragistics.Win.UltraWinCalcManager.FormulaBuilder.OperandInitializingEventArgs)">
            <summary>
            Occurs before the page setup dialog is displayed.
            </summary>
            <seealso cref="E:Infragistics.Win.UltraWinCalcManager.FormulaBuilder.FormulaBuilderDialog.FunctionInitializing"/>
        </member>
        <member name="M:Infragistics.Win.UltraWinCalcManager.FormulaBuilder.FormulaBuilderDialog.OnFunctionInitializing(Infragistics.Win.UltraWinCalcManager.FormulaBuilder.FunctionInitializingEventArgs)">
            <summary>
            Occurs in response to a click on the 'Print' tool after the print operation ends.
            </summary>
            <seealso cref="E:Infragistics.Win.UltraWinCalcManager.FormulaBuilder.FormulaBuilderDialog.OperandInitializing"/>
        </member>
        <member name="P:Infragistics.Win.UltraWinCalcManager.FormulaBuilder.FormulaBuilderDialog.Formula">
            <summary>
            Returns the formula
            </summary>
        </member>
        <member name="P:Infragistics.Win.UltraWinCalcManager.FormulaBuilder.FormulaBuilderDialog.HasSyntaxError">
            <summary>
            Returns whether the Formula property has any Syntax errors.
            </summary>
        </member>
        <member name="E:Infragistics.Win.UltraWinCalcManager.FormulaBuilder.FormulaBuilderDialog.OperandInitializing">
            <summary>
            Occurs before the page setup dialog is displayed.
            </summary>
            <seealso cref="M:Infragistics.Win.UltraWinCalcManager.FormulaBuilder.FormulaBuilderDialog.OnOperandInitializing(Infragistics.Win.UltraWinCalcManager.FormulaBuilder.OperandInitializingEventArgs)"/>
        </member>
        <member name="E:Infragistics.Win.UltraWinCalcManager.FormulaBuilder.FormulaBuilderDialog.FunctionInitializing">
            <summary>
            Occurs in response to a click on the 'Print' tool after the print operation ends.
            </summary>
            <seealso cref="E:Infragistics.Win.UltraWinCalcManager.FormulaBuilder.FormulaBuilderDialog.FunctionInitializing"/>
        </member>
        <member name="T:Infragistics.Win.UltraWinCalcManager.FormulaBuilder.FormulaUITypeEditor">
            <summary>
            Summary description for FormulaUITypeEditor.
            </summary>
        </member>
        <member name="M:Infragistics.Win.UltraWinCalcManager.FormulaBuilder.FormulaUITypeEditor.#ctor">
            <summary>
            FormulaUITypeEditor Construtor
            </summary>
        </member>
        <member name="M:Infragistics.Win.UltraWinCalcManager.FormulaBuilder.FormulaUITypeEditor.GetEditStyle(System.ComponentModel.ITypeDescriptorContext)">
            <summary>
            Gets the editor style used by the <see cref="M:Infragistics.Win.UltraWinCalcManager.FormulaBuilder.FormulaUITypeEditor.EditValue(System.ComponentModel.ITypeDescriptorContext,System.IServiceProvider,System.Object)"/> method.
            </summary>
            <param name="context">An <see cref="T:System.ComponentModel.ITypeDescriptorContext"/> that can be used to gain additional context information.</param>
            <returns>A <see cref="T:System.Drawing.Design.UITypeEditorEditStyle"/> value that indicates the style of editor used by the <see cref="M:Infragistics.Win.UltraWinCalcManager.FormulaBuilder.FormulaUITypeEditor.EditValue(System.ComponentModel.ITypeDescriptorContext,System.IServiceProvider,System.Object)"/> method.</returns>
        </member>
        <member name="M:Infragistics.Win.UltraWinCalcManager.FormulaBuilder.FormulaUITypeEditor.EditValue(System.ComponentModel.ITypeDescriptorContext,System.IServiceProvider,System.Object)">
            <summary>
            Edits the specified object's value using the editor style indicated by the <see cref="M:Infragistics.Win.UltraWinCalcManager.FormulaBuilder.FormulaUITypeEditor.GetEditStyle(System.ComponentModel.ITypeDescriptorContext)"/> method.
            </summary>
            <param name="context">An <see cref="T:System.ComponentModel.ITypeDescriptorContext"/> that can be used to gain additional context information.</param>
            <param name="provider">An <see cref="T:System.IServiceProvider"/> that this editor can use to obtain services.</param>
            <param name="value">The object to edit.</param>
            <returns>The new value of the object. If the value of the object has not changed, this should return the same object it was passed.</returns>
        </member>
        <member name="T:Infragistics.Win.UltraWinCalcManager.FormulaBuilder.FunctionBuilderDialog">
            <summary>
            Summary description for Form1.
            </summary>
        </member>
        <member name="M:Infragistics.Win.UltraWinCalcManager.FormulaBuilder.FunctionBuilderDialog.#ctor(Infragistics.Win.UltraWinCalcManager.FormulaBuilder.FormulaBuilderDialog,Infragistics.Win.CalcEngine.UltraCalcFunction)">
            <summary>
            Constructor
            </summary>
            <param name="formulaBuilderDialog">The formula bulder dialog that is showing this function builder dialog.</param>
            <param name="function">The function being built.</param>
        </member>
        <member name="M:Infragistics.Win.UltraWinCalcManager.FormulaBuilder.FunctionBuilderDialog.#ctor(Infragistics.Win.UltraWinCalcManager.FormulaBuilder.FormulaBuilderDialog,Infragistics.Win.CalcEngine.UltraCalcFunction,System.Boolean)">
            <summary>
            Constructor
            </summary>
            <param name="formulaBuilderDialog">The formula bulder dialog that is showing this function builder dialog.</param>
            <param name="function">The function being built.</param>
            <param name="showHelpLinks">Determines whether the help links are displayed on the dialog. These links point to URL's that reference the Infragistics help files. Turn off the links if the help will not be available to the user.</param>
        </member>
        <member name="M:Infragistics.Win.UltraWinCalcManager.FormulaBuilder.FunctionBuilderDialog.#ctor(Infragistics.Win.UltraWinCalcManager.FormulaBuilder.FormulaBuilderDialog,Infragistics.Win.CalcEngine.UltraCalcFunction,System.Boolean,Infragistics.Win.CalcEngine.IUltraCalcReference)">
            <summary>
            Constructor
            </summary>
            <param name="formulaBuilderDialog">The formula bulder dialog that is showing this function builder dialog.</param>
            <param name="function">The function being built.</param>
            <param name="showHelpLinks">Determines whether the help links are displayed on the dialog. These links point to URL's that reference the Infragistics help files. Turn off the links if the help will not be available to the user.</param>
            <param name="compileReference">IUltraCalcReference used strictly for compiling the formula. When null, then IFormulaProvider.Reference is used.</param>
        </member>
        <member name="M:Infragistics.Win.UltraWinCalcManager.FormulaBuilder.FunctionBuilderDialog.Dispose(System.Boolean)">
            <summary>
            Clean up any resources being used.
            </summary>
        </member>
        <member name="M:Infragistics.Win.UltraWinCalcManager.FormulaBuilder.FunctionBuilderDialog.InitializeComponent">
            <summary>
            Required method for Designer support - do not modify
            the contents of this method with the code editor.
            </summary>
        </member>
        <member name="P:Infragistics.Win.UltraWinCalcManager.FormulaBuilder.FunctionBuilderDialog.Function">
            <summary>
            Returns the complete function generated by the dialog.
            </summary>
        </member>
        <member name="T:Infragistics.Win.UltraWinCalcManager.FormulaBuilder.Resources">
            <summary>
            Exposes a <see cref="T:Infragistics.Shared.ResourceCustomizer"/> instance for this assembly. 
            </summary>
            <seealso cref="P:Infragistics.Win.UltraWinCalcManager.FormulaBuilder.Resources.Customizer"/> 
            <seealso cref="T:Infragistics.Shared.ResourceCustomizer"/> 
        </member>
        <member name="M:Infragistics.Win.UltraWinCalcManager.FormulaBuilder.Resources.GetString(System.String,System.Object[])">
            <summary>
            Returns the resource string using the specified name and default culture.
            </summary>
            <param name="name">Name of the string resource to return.</param>
            <param name="args">Arguments supplied to the string.Format method when formatting the string.</param>
            <returns>The resource string using the specified resource name and default culture.</returns>
        </member>
        <member name="M:Infragistics.Win.UltraWinCalcManager.FormulaBuilder.Resources.GetString(System.String)">
            <summary>
            Returns the resource string using the specified resource name and default culture. The string is then formatted using the arguments specified.
            </summary>
            <param name="name">Name of the string resource to return.</param>
            <returns>The resource string using the specified resource name and default culture.</returns>
        </member>
        <member name="M:Infragistics.Win.UltraWinCalcManager.FormulaBuilder.Resources.GetObject(System.String)">
            <summary>
            Returns the resource object using the specified name.
            </summary>
            <param name="name">Name of the resource item</param>
            <returns>An object containing the specified resource</returns>
        </member>
        <member name="P:Infragistics.Win.UltraWinCalcManager.FormulaBuilder.Resources.Customizer">
            <summary>
            Returns the <see cref="T:Infragistics.Shared.ResourceCustomizer"/> for this assembly.
            </summary>
            <seealso cref="T:Infragistics.Shared.ResourceCustomizer"/> 
        </member>
    </members>
</doc>
